id,first_name,last_name,username,email,avatar,gender,date_of_birth,address
7703,Cecile,Herzog,cecile.herzog,cecile.herzog@email.com,https://robohash.org/facilisveltempore.png?size=300x300&set=set1,Non-binary,2000-08-15,"{'city': 'East Stuartfurt', 'street_name': 'Antwan Parks', 'street_address': '57229 Corkery Light', 'zip_code': '47044-8827', 'state': 'Wyoming', 'country': 'United States', 'coordinates': {'lat': 21.272495951434507, 'lng': 25.4767951071762}}"
9059,Laverne,Brown,laverne.brown,laverne.brown@email.com,https://robohash.org/nonnostrumsuscipit.png?size=300x300&set=set1,Female,1969-11-04,"{'city': 'New Elvinburgh', 'street_name': 'Lowe Stream', 'street_address': '91674 Gleichner Port', 'zip_code': '70396-0725', 'state': 'Arkansas', 'country': 'United States', 'coordinates': {'lat': -20.84803141416326, 'lng': -164.7985644982489}}"
6817,Allen,Cummings,allen.cummings,allen.cummings@email.com,https://robohash.org/officiisvelitquia.png?size=300x300&set=set1,Male,1993-01-26,"{'city': 'Bessieshire', 'street_name': 'Howell Viaduct', 'street_address': '311 McLaughlin Inlet', 'zip_code': '43021', 'state': 'North Carolina', 'country': 'United States', 'coordinates': {'lat': 45.353719091965445, 'lng': -166.4616597314656}}"
5118,Madalene,Rohan,madalene.rohan,madalene.rohan@email.com,https://robohash.org/quaerateain.png?size=300x300&set=set1,Male,1994-04-13,"{'city': 'Lake Ellsworthchester', 'street_name': 'Angella Drive', 'street_address': '1597 Marlena Parkway', 'zip_code': '37724', 'state': 'New Mexico', 'country': 'United States', 'coordinates': {'lat': -19.187933598124786, 'lng': -170.62091313735587}}"
2724,Harriet,Heathcote,harriet.heathcote,harriet.heathcote@email.com,https://robohash.org/ducimusdelectuscumque.png?size=300x300&set=set1,Male,2000-02-24,"{'city': 'Stammshire', 'street_name': 'Murphy Row', 'street_address': '85117 Beaulah Streets', 'zip_code': '01450-2433', 'state': 'Missouri', 'country': 'United States', 'coordinates': {'lat': -61.94108808757872, 'lng': 141.71820116491392}}"
9899,Norine,Zieme,norine.zieme,norine.zieme@email.com,https://robohash.org/etquiaexercitationem.png?size=300x300&set=set1,Polygender,1973-06-09,"{'city': 'Port Lakeshia', 'street_name': 'Bergnaum Roads', 'street_address': '693 Kassulke Rapids', 'zip_code': '01687', 'state': 'Minnesota', 'country': 'United States', 'coordinates': {'lat': 88.20340105804814, 'lng': -116.25353436555557}}"
7863,Travis,Grady,travis.grady,travis.grady@email.com,https://robohash.org/suscipitquibusdamcum.png?size=300x300&set=set1,Polygender,1986-10-31,"{'city': 'Timville', 'street_name': 'Rosaria Neck', 'street_address': '152 Herbert Divide', 'zip_code': '66404', 'state': 'Nevada', 'country': 'United States', 'coordinates': {'lat': -38.67616260745216, 'lng': 136.91503182031494}}"
2129,Brynn,Rolfson,brynn.rolfson,brynn.rolfson@email.com,https://robohash.org/utprovidentex.png?size=300x300&set=set1,Genderqueer,1958-04-09,"{'city': 'Edgardoberg', 'street_name': 'Halvorson Port', 'street_address': '74554 Kia Motorway', 'zip_code': '19952-7767', 'state': 'Ohio', 'country': 'United States', 'coordinates': {'lat': -12.48371318555705, 'lng': 62.02121542671358}}"
4525,Latisha,Oberbrunner,latisha.oberbrunner,latisha.oberbrunner@email.com,https://robohash.org/reiciendismollitiaconsequatur.png?size=300x300&set=set1,Bigender,1966-03-22,"{'city': 'Mooremouth', 'street_name': 'Pearlie Burgs', 'street_address': '39648 Hermiston Camp', 'zip_code': '22195-3942', 'state': 'Maine', 'country': 'United States', 'coordinates': {'lat': -27.96614116020936, 'lng': 175.11146891766992}}"
858,Elizbeth,Marks,elizbeth.marks,elizbeth.marks@email.com,https://robohash.org/consequaturexercitationemquia.png?size=300x300&set=set1,Agender,1995-09-26,"{'city': 'Funkmouth', 'street_name': 'Charlsie Corner', 'street_address': '282 Mertz Canyon', 'zip_code': '53322-9699', 'state': 'Hawaii', 'country': 'United States', 'coordinates': {'lat': 6.161317260529884, 'lng': -65.31269562917859}}"
